Well,Linker 1,Part 1,Linker 2,Part 2,Linker 3,Part 3,Linker 4,Part 4,Linker 5,Part 5,Linker 6,Part 6,Linker 7,Part 7,Linker 8,Part 8,Linker 9,Part 9,Linker 10,Part 10
A1,LMS,BASIC_SEVA_37_CmR-p15A.1,LMP,PJ23116,U2-A03,P21683,U3-A04,P21685,U1-A04,P21684,,,,,,,,,,
B1,LMS,BASIC_SEVA_37_CmR-p15A.1,LMP,PJ23105,U2-A04,P21683,U1-A03,P21684,U3-A03,P21685,,,,,,,,,,
C1,LMS,BASIC_SEVA_37_CmR-p15A.1,LMP,PJ23105,U2-A03,P21683,U3-A03,P21685,U1-A03,P21684,,,,,,,,,,
D1,LMS,BASIC_SEVA_37_CmR-p15A.1,LMP,PJ23105,U3-A04,P21685,U2-A03,P21683,U1-A04,P21684,,,,,,,,,,
E1,LMS,BASIC_SEVA_37_CmR-p15A.1,LMP,PJ23105,U1-A04,P21684,U3-A04,P21685,U2-A03,P21683,,,,,,,,,,
F1,LMS,BASIC_SEVA_37_CmR-p15A.1,LMP,PJ23105,U3-A03,P21685,U1-A04,P21684,U2-A03,P21683,,,,,,,,,,
G1,LMS,BASIC_SEVA_37_CmR-p15A.1,LMP,PJ23105,U3-A03,P21685,U2-A04,P21683,U1-A03,P21684,,,,,,,,,,
H1,LMS,BASIC_SEVA_37_CmR-p15A.1,LMP,PJ23105,U1-A03,P21684,U3-A03,P21685,U2-A04,P21683,,,,,,,,,,
A2,LMS,BASIC_SEVA_37_CmR-p15A.1,LMP,PJ23116,U2-A04,P21683,U1-A04,P21684,U3-A03,P21685,,,,,,,,,,
B2,LMS,BASIC_SEVA_37_CmR-p15A.1,LMP,PJ23116,U2-A04,P21683,U3-A04,P21685,U1-A03,P21684,,,,,,,,,,
C2,LMS,BASIC_SEVA_37_CmR-p15A.1,LMP,PJ23105,U3-A04,P21685,U2-A03,P21683,U1-A03,P21684,,,,,,,,,,
D2,LMS,BASIC_SEVA_37_CmR-p15A.1,LMP,PJ23116,U2-A03,P21683,U3-A03,P21685,U1-A04,P21684,,,,,,,,,,
E2,LMS,BASIC_SEVA_37_CmR-p15A.1,LMP,PJ23116,U1-A03,P21684,U2-A03,P21683,U3-A04,P21685,,,,,,,,,,
F2,LMS,BASIC_SEVA_37_CmR-p15A.1,LMP,PJ23105,U3-A03,P21685,U1-A03,P21684,U2-A03,P21683,,,,,,,,,,
G2,LMS,BASIC_SEVA_37_CmR-p15A.1,LMP,PJ23116,U2-A04,P21683,U3-A04,P21685,U1-A04,P21684,,,,,,,,,,
H2,LMS,BASIC_SEVA_37_CmR-p15A.1,LMP,PJ23116,U1-A04,P21684,U3-A03,P21685,U2-A04,P21683,,,,,,,,,,
A3,LMS,BASIC_SEVA_37_CmR-p15A.1,LMP,PJ23105,U2-A03,P21683,U3-A03,P21685,U1-A04,P21684,,,,,,,,,,
B3,LMS,BASIC_SEVA_37_CmR-p15A.1,LMP,PJ23105,U3-A03,P21685,U2-A03,P21683,U1-A04,P21684,,,,,,,,,,
C3,LMS,BASIC_SEVA_37_CmR-p15A.1,LMP,PJ23116,U3-A03,P21685,U1-A03,P21684,U2-A04,P21683,,,,,,,,,,
D3,LMS,BASIC_SEVA_37_CmR-p15A.1,LMP,PJ23116,U3-A04,P21685,U2-A04,P21683,U1-A04,P21684,,,,,,,,,,
E3,LMS,BASIC_SEVA_37_CmR-p15A.1,LMP,PJ23116,U3-A04,P21685,U2-A04,P21683,U1-A03,P21684,,,,,,,,,,
F3,LMS,BASIC_SEVA_37_CmR-p15A.1,LMP,PJ23105,U1-A04,P21684,U3-A03,P21685,U2-A03,P21683,,,,,,,,,,
G3,LMS,BASIC_SEVA_37_CmR-p15A.1,LMP,PJ23116,U2-A04,P21683,U3-A03,P21685,U1-A04,P21684,,,,,,,,,,
H3,LMS,BASIC_SEVA_37_CmR-p15A.1,LMP,PJ23116,U3-A03,P21685,U2-A03,P21683,U1-A03,P21684,,,,,,,,,,
A4,LMS,BASIC_SEVA_37_CmR-p15A.1,LMP,PJ23116,U1-A04,P21684,U2-A04,P21683,U3-A04,P21685,,,,,,,,,,
B4,LMS,BASIC_SEVA_37_CmR-p15A.1,LMP,PJ23116,U2-A03,P21683,U3-A04,P21685,U1-A03,P21684,,,,,,,,,,
C4,LMS,BASIC_SEVA_37_CmR-p15A.1,LMP,PJ23116,U2-A04,P21683,U1-A04,P21684,U3-A04,P21685,,,,,,,,,,
D4,LMS,BASIC_SEVA_37_CmR-p15A.1,LMP,PJ23105,U1-A03,P21684,U2-A03,P21683,U3-A03,P21685,,,,,,,,,,
E4,LMS,BASIC_SEVA_37_CmR-p15A.1,LMP,PJ23105,U2-A04,P21683,U1-A03,P21684,U3-A04,P21685,,,,,,,,,,
F4,LMS,BASIC_SEVA_37_CmR-p15A.1,LMP,PJ23116,U3-A04,P21685,U2-A03,P21683,U1-A04,P21684,,,,,,,,,,
G4,LMS,BASIC_SEVA_37_CmR-p15A.1,LMP,PJ23105,U1-A04,P21684,U3-A04,P21685,U2-A04,P21683,,,,,,,,,,
H4,LMS,BASIC_SEVA_37_CmR-p15A.1,LMP,PJ23116,U1-A04,P21684,U3-A03,P21685,U2-A03,P21683,,,,,,,,,,
A5,LMS,BASIC_SEVA_37_CmR-p15A.1,LMP,PJ23105,U1-A03,P21684,U3-A04,P21685,U2-A04,P21683,,,,,,,,,,
B5,LMS,BASIC_SEVA_37_CmR-p15A.1,LMP,PJ23116,U3-A03,P21685,U1-A04,P21684,U2-A04,P21683,,,,,,,,,,
C5,LMS,BASIC_SEVA_37_CmR-p15A.1,LMP,PJ23116,U1-A03,P21684,U3-A03,P21685,U2-A04,P21683,,,,,,,,,,
D5,LMS,BASIC_SEVA_37_CmR-p15A.1,LMP,PJ23116,U1-A03,P21684,U2-A03,P21683,U3-A03,P21685,,,,,,,,,,
E5,LMS,BASIC_SEVA_37_CmR-p15A.1,LMP,PJ23105,U2-A04,P21683,U3-A04,P21685,U1-A03,P21684,,,,,,,,,,
F5,LMS,BASIC_SEVA_37_CmR-p15A.1,LMP,PJ23105,U1-A03,P21684,U2-A03,P21683,U3-A04,P21685,,,,,,,,,,
G5,LMS,BASIC_SEVA_37_CmR-p15A.1,LMP,PJ23105,U3-A03,P21685,U2-A03,P21683,U1-A03,P21684,,,,,,,,,,
H5,LMS,BASIC_SEVA_37_CmR-p15A.1,LMP,PJ23105,U1-A04,P21684,U2-A03,P21683,U3-A03,P21685,,,,,,,,,,
A6,LMS,BASIC_SEVA_37_CmR-p15A.1,LMP,PJ23116,U3-A04,P21685,U1-A03,P21684,U2-A03,P21683,,,,,,,,,,
B6,LMS,BASIC_SEVA_37_CmR-p15A.1,LMP,PJ23105,U3-A04,P21685,U1-A03,P21684,U2-A04,P21683,,,,,,,,,,
C6,LMS,BASIC_SEVA_37_CmR-p15A.1,LMP,PJ23116,U1-A03,P21684,U2-A04,P21683,U3-A04,P21685,,,,,,,,,,
D6,LMS,BASIC_SEVA_37_CmR-p15A.1,LMP,PJ23105,U2-A04,P21683,U1-A04,P21684,U3-A03,P21685,,,,,,,,,,
E6,LMS,BASIC_SEVA_37_CmR-p15A.1,LMP,PJ23105,U3-A03,P21685,U1-A03,P21684,U2-A04,P21683,,,,,,,,,,
F6,LMS,BASIC_SEVA_37_CmR-p15A.1,LMP,PJ23105,U2-A03,P21683,U1-A03,P21684,U3-A03,P21685,,,,,,,,,,
G6,LMS,BASIC_SEVA_37_CmR-p15A.1,LMP,PJ23105,U3-A04,P21685,U1-A04,P21684,U2-A04,P21683,,,,,,,,,,
H6,LMS,BASIC_SEVA_37_CmR-p15A.1,LMP,PJ23116,U1-A04,P21684,U2-A03,P21683,U3-A04,P21685,,,,,,,,,,
A7,LMS,BASIC_SEVA_37_CmR-p15A.1,LMP,PJ23105,U3-A04,P21685,U1-A04,P21684,U2-A03,P21683,,,,,,,,,,
B7,LMS,BASIC_SEVA_37_CmR-p15A.1,LMP,PJ23105,U1-A03,P21684,U3-A04,P21685,U2-A03,P21683,,,,,,,,,,
C7,LMS,BASIC_SEVA_37_CmR-p15A.1,LMP,PJ23116,U2-A03,P21683,U1-A03,P21684,U3-A04,P21685,,,,,,,,,,
D7,LMS,BASIC_SEVA_37_CmR-p15A.1,LMP,PJ23116,U3-A04,P21685,U1-A03,P21684,U2-A04,P21683,,,,,,,,,,
E7,LMS,BASIC_SEVA_37_CmR-p15A.1,LMP,PJ23116,U3-A03,P21685,U2-A03,P21683,U1-A04,P21684,,,,,,,,,,
F7,LMS,BASIC_SEVA_37_CmR-p15A.1,LMP,PJ23105,U1-A03,P21684,U2-A04,P21683,U3-A04,P21685,,,,,,,,,,
G7,LMS,BASIC_SEVA_37_CmR-p15A.1,LMP,PJ23105,U3-A03,P21685,U1-A04,P21684,U2-A04,P21683,,,,,,,,,,
H7,LMS,BASIC_SEVA_37_CmR-p15A.1,LMP,PJ23105,U2-A04,P21683,U3-A03,P21685,U1-A04,P21684,,,,,,,,,,
A8,LMS,BASIC_SEVA_37_CmR-p15A.1,LMP,PJ23105,U3-A04,P21685,U2-A04,P21683,U1-A03,P21684,,,,,,,,,,
B8,LMS,BASIC_SEVA_37_CmR-p15A.1,LMP,PJ23105,U1-A04,P21684,U2-A04,P21683,U3-A03,P21685,,,,,,,,,,
C8,LMS,BASIC_SEVA_37_CmR-p15A.1,LMP,PJ23105,U1-A03,P21684,U2-A04,P21683,U3-A03,P21685,,,,,,,,,,
D8,LMS,BASIC_SEVA_37_CmR-p15A.1,LMP,PJ23116,U3-A04,P21685,U1-A04,P21684,U2-A03,P21683,,,,,,,,,,
E8,LMS,BASIC_SEVA_37_CmR-p15A.1,LMP,PJ23116,U2-A03,P21683,U1-A03,P21684,U3-A03,P21685,,,,,,,,,,
F8,LMS,BASIC_SEVA_37_CmR-p15A.1,LMP,PJ23116,U3-A04,P21685,U1-A04,P21684,U2-A04,P21683,,,,,,,,,,
G8,LMS,BASIC_SEVA_37_CmR-p15A.1,LMP,PJ23105,U1-A04,P21684,U2-A04,P21683,U3-A04,P21685,,,,,,,,,,
H8,LMS,BASIC_SEVA_37_CmR-p15A.1,LMP,PJ23105,U2-A04,P21683,U1-A04,P21684,U3-A04,P21685,,,,,,,,,,
A9,LMS,BASIC_SEVA_37_CmR-p15A.1,LMP,PJ23105,U3-A04,P21685,U2-A04,P21683,U1-A04,P21684,,,,,,,,,,
B9,LMS,BASIC_SEVA_37_CmR-p15A.1,LMP,PJ23116,U1-A04,P21684,U3-A04,P21685,U2-A03,P21683,,,,,,,,,,
C9,LMS,BASIC_SEVA_37_CmR-p15A.1,LMP,PJ23116,U3-A03,P21685,U1-A04,P21684,U2-A03,P21683,,,,,,,,,,
D9,LMS,BASIC_SEVA_37_CmR-p15A.1,LMP,PJ23105,U1-A04,P21684,U3-A03,P21685,U2-A04,P21683,,,,,,,,,,
E9,LMS,BASIC_SEVA_37_CmR-p15A.1,LMP,PJ23105,U2-A03,P21683,U1-A03,P21684,U3-A04,P21685,,,,,,,,,,
F9,LMS,BASIC_SEVA_37_CmR-p15A.1,LMP,PJ23116,U1-A04,P21684,U3-A04,P21685,U2-A04,P21683,,,,,,,,,,
G9,LMS,BASIC_SEVA_37_CmR-p15A.1,LMP,PJ23116,U1-A03,P21684,U3-A04,P21685,U2-A04,P21683,,,,,,,,,,
H9,LMS,BASIC_SEVA_37_CmR-p15A.1,LMP,PJ23116,U2-A03,P21683,U1-A04,P21684,U3-A04,P21685,,,,,,,,,,
A10,LMS,BASIC_SEVA_37_CmR-p15A.1,LMP,PJ23105,U2-A03,P21683,U1-A04,P21684,U3-A04,P21685,,,,,,,,,,
B10,LMS,BASIC_SEVA_37_CmR-p15A.1,LMP,PJ23105,U2-A04,P21683,U3-A04,P21685,U1-A04,P21684,,,,,,,,,,
C10,LMS,BASIC_SEVA_37_CmR-p15A.1,LMP,PJ23116,U1-A04,P21684,U2-A03,P21683,U3-A03,P21685,,,,,,,,,,
D10,LMS,BASIC_SEVA_37_CmR-p15A.1,LMP,PJ23116,U1-A03,P21684,U3-A04,P21685,U2-A03,P21683,,,,,,,,,,
E10,LMS,BASIC_SEVA_37_CmR-p15A.1,LMP,PJ23105,U1-A04,P21684,U2-A03,P21683,U3-A04,P21685,,,,,,,,,,
F10,LMS,BASIC_SEVA_37_CmR-p15A.1,LMP,PJ23116,U3-A03,P21685,U2-A04,P21683,U1-A03,P21684,,,,,,,,,,
G10,LMS,BASIC_SEVA_37_CmR-p15A.1,LMP,PJ23105,U3-A03,P21685,U2-A04,P21683,U1-A04,P21684,,,,,,,,,,
H10,LMS,BASIC_SEVA_37_CmR-p15A.1,LMP,PJ23116,U1-A03,P21684,U3-A03,P21685,U2-A03,P21683,,,,,,,,,,
A11,LMS,BASIC_SEVA_37_CmR-p15A.1,LMP,PJ23116,U3-A03,P21685,U2-A04,P21683,U1-A04,P21684,,,,,,,,,,
B11,LMS,BASIC_SEVA_37_CmR-p15A.1,LMP,PJ23116,U2-A03,P21683,U3-A03,P21685,U1-A03,P21684,,,,,,,,,,
C11,LMS,BASIC_SEVA_37_CmR-p15A.1,LMP,PJ23116,U2-A03,P21683,U1-A04,P21684,U3-A03,P21685,,,,,,,,,,
D11,LMS,BASIC_SEVA_37_CmR-p15A.1,LMP,PJ23116,U3-A03,P21685,U1-A03,P21684,U2-A03,P21683,,,,,,,,,,
E11,LMS,BASIC_SEVA_37_CmR-p15A.1,LMP,PJ23105,U3-A04,P21685,U1-A03,P21684,U2-A03,P21683,,,,,,,,,,
F11,LMS,BASIC_SEVA_37_CmR-p15A.1,LMP,PJ23116,U2-A04,P21683,U3-A03,P21685,U1-A03,P21684,,,,,,,,,,
G11,LMS,BASIC_SEVA_37_CmR-p15A.1,LMP,PJ23116,U1-A03,P21684,U2-A04,P21683,U3-A03,P21685,,,,,,,,,,
H11,LMS,BASIC_SEVA_37_CmR-p15A.1,LMP,PJ23105,U2-A04,P21683,U3-A03,P21685,U1-A03,P21684,,,,,,,,,,
